{"cameraMode":{"drawMode":0,"name":"Shaded","section":"Shading Mode"},"sceneLighting":false,"audioPlay":false,"sceneViewState":{"showFog":true,"showMaterialUpdate":false,"showSkybox":false,"showFlares":true,"showImageEffects":true,"showParticleSystems":true},"in2DMode":false,"pivot":{"x":-0.17000001668930055,"y":4.139999866485596,"z":-5.170000076293945},"rotation":{"x":0.05141161382198334,"y":0.7202196717262268,"z":-0.05368220433592796,"w":0.6897577047348023},"size":2.8578836917877199,"orthographic":false}